killed_by,killer_name,killer_placement,killer_position_x,killer_position_y,map,match_id,time,victim_name,victim_placement,victim_position_x,victim_position_y
Mini 14,Dveil1994219,4,47429.61,546672.8,ERANGEL,2U4GBNA0YmkfVhVAA391nmjCo1oVv6YBCuBwVOHAEegu1uvOZFOJoeLFQFAbYn5P,1547,Bugs-BunnyKW,,43972.38,542885.1
Down and Out,Faker-SKT1,1,47378.99,504664.5,ERANGEL,2U4GBNA0Ymnu2puyqf_NtQlNu-P-GhW9oVdBiQ14E36G-AiBhSA2Xn0jiFh8E__R,1704,BillyTheElf,,46806.6,505510.1
AKM,Faker-SKT1,1,47378.99,504664.5,ERANGEL,2U4GBNA0Ymnu2puyqf_NtQlNu-P-GhW9oVdBiQ14E36G-AiBhSA2Xn0jiFh8E__R,1703,X-SeaPunk-X,,46815.87,505635.5
Down and Out,LsAYanglu,2,48229.08,525265.1,ERANGEL,2U4GBNA0YmnPbefQNZwA5BwIZZGr1rbZ9ME75ZSoLLy_5k7XslGLplmzebtdZiO8,1209,liuliV587,,47835.26,532330.9
Grenade,LsAYanglu,2,48229.08,525265.1,ERANGEL,2U4GBNA0YmnPbefQNZwA5BwIZZGr1rbZ9ME75ZSoLLy_5k7XslGLplmzebtdZiO8,1207,Groovein,,47860.79,532229.3
Mini 14,RemyGames,8,277653.5,265142.2,ERANGEL,2U4GBNA0Ymnu2puyqf_NtQlNu-P-GhW9oVdBiQ14E36G-AiBhSA2Xn0jiFh8E__R,708,JC-Denton,,274932.4,267555.6
Down and Out,Suspected,8,277308.7,264914.8,ERANGEL,2U4GBNA0Ymnu2puyqf_NtQlNu-P-GhW9oVdBiQ14E36G-AiBhSA2Xn0jiFh8E__R,710,MrJibbletts,,275389.9,266555.2
Down and Out,Lishuaiqi1994,5,317957,543955.3,ERANGEL,2U4GBNA0YmnPbefQNZwA5BwIZZGr1rbZ9ME75ZSoLLy_5k7XslGLplmzebtdZiO8,975,KyoninN,,317382.4,542572.6
M416,Lishuaiqi1994,5,317820.3,544005.5,ERANGEL,2U4GBNA0YmnPbefQNZwA5BwIZZGr1rbZ9ME75ZSoLLy_5k7XslGLplmzebtdZiO8,974,Beeleeh,,317427.1,542661.8
Uaz,Groovein,1,48783.44,534454.1,ERANGEL,2U4GBNA0YmnPbefQNZwA5BwIZZGr1rbZ9ME75ZSoLLy_5k7XslGLplmzebtdZiO8,1172,zzzzhang111,2,52405.59,521476.8
SCAR-L,salehGAZA,1,59656.49,506228.3,ERANGEL,2U4GBNA0YmkfVhVAA391nmjCo1oVv6YBCuBwVOHAEegu1uvOZFOJoeLFQFAbYn5P,1757,PAPcannon,2,59647.14,506736.5
Down and Out,Faker-SKT1,1,62315.21,496369.5,ERANGEL,2U4GBNA0Ymnu2puyqf_NtQlNu-P-GhW9oVdBiQ14E36G-AiBhSA2Xn0jiFh8E__R,1755,MangeMoi,2,67315.1,492672.3
AKM,Faker-SKT1,1,62716.05,496425.4,ERANGEL,2U4GBNA0Ymnu2puyqf_NtQlNu-P-GhW9oVdBiQ14E36G-AiBhSA2Xn0jiFh8E__R,1755,kado_01,2,67462.01,492177.8
Down and Out,Twiist_Legacy,3,106554.5,525920,ERANGEL,2U4GBNA0YmkfVhVAA391nmjCo1oVv6YBCuBwVOHAEegu1uvOZFOJoeLFQFAbYn5P,1463,Mercedes-Amg63,2,96343.95,535236.3
SKS,shafT-m1ng,5,142566.3,538961.9,ERANGEL,2U4GBNA0YmkfVhVAA391nmjCo1oVv6YBCuBwVOHAEegu1uvOZFOJoeLFQFAbYn5P,1328,ZSH2580,2,139376.1,552976.6
M416,Yaocheng-,1,187565,501418.9,ERANGEL,2U4GBNA0YmnPbefQNZwA5BwIZZGr1rbZ9ME75ZSoLLy_5k7XslGLplmzebtdZiO8,1817,LsAYanglu,2,184358.2,501746.1
UMP9,vnkiller,10,370663.3,496915,ERANGEL,2U4GBNA0YmkfVhVAA391nmjCo1oVv6YBCuBwVOHAEegu1uvOZFOJoeLFQFAbYn5P,903,NicholasL666,2,368236.5,495907.9
AKM,Faker-SKT1,1,54647.97,502004.7,ERANGEL,2U4GBNA0Ymnu2puyqf_NtQlNu-P-GhW9oVdBiQ14E36G-AiBhSA2Xn0jiFh8E__R,1732,LordKnightTHC,3,66267.23,489305
M416,Dveil1994219,4,65936.53,533326.4,ERANGEL,2U4GBNA0YmkfVhVAA391nmjCo1oVv6YBCuBwVOHAEegu1uvOZFOJoeLFQFAbYn5P,1625,Teaksanny,3,66456.53,532815.3
Down and Out,Mercedes-Amg63,2,107301.7,542467.6,ERANGEL,2U4GBNA0YmkfVhVAA391nmjCo1oVv6YBCuBwVOHAEegu1uvOZFOJoeLFQFAbYn5P,1433,FP04YT,3,96594.84,533816.9
Grenade,daheng----1993,1,211925.2,508185.7,ERANGEL,2U4GBNA0YmnPbefQNZwA5BwIZZGr1rbZ9ME75ZSoLLy_5k7XslGLplmzebtdZiO8,1725,ElvanIV,3,210542.7,511183.8
M416,ezez13Yi,5,211926.7,506197.1,ERANGEL,2U4GBNA0YmnPbefQNZwA5BwIZZGr1rbZ9ME75ZSoLLy_5k7XslGLplmzebtdZiO8,1656,RichThunder,3,215026.4,507442.3
SCAR-L,GrandamaLover,24,367636.9,388923.9,ERANGEL,2U4GBNA0Ymnu2puyqf_NtQlNu-P-GhW9oVdBiQ14E36G-AiBhSA2Xn0jiFh8E__R,797,FraxTHC,3,367182.9,389045.2
Down and Out,iiBroKeN,1,73539.01,548909.4,ERANGEL,2U4GBNA0YmkfVhVAA391nmjCo1oVv6YBCuBwVOHAEegu1uvOZFOJoeLFQFAbYn5P,1346,Devil0501,4,64165.33,537131.6
VSS,Twiist_Legacy,3,67027.67,534656.4,ERANGEL,2U4GBNA0YmkfVhVAA391nmjCo1oVv6YBCuBwVOHAEegu1uvOZFOJoeLFQFAbYn5P,1626,Dveil1994219,4,65833.96,533136.4
SCAR-L,LsAYanglu,2,182327.6,514222.8,ERANGEL,2U4GBNA0YmnPbefQNZwA5BwIZZGr1rbZ9ME75ZSoLLy_5k7XslGLplmzebtdZiO8,1707,julyhoney,4,184250.5,515594.4
Grenade,LsAYanglu,2,181407.5,513103,ERANGEL,2U4GBNA0YmnPbefQNZwA5BwIZZGr1rbZ9ME75ZSoLLy_5k7XslGLplmzebtdZiO8,1692,ZsZsZsZsZsZZ,4,185922.6,516882.1
P92,vnkiller,10,492036.6,348369.2,ERANGEL,2U4GBNA0YmkfVhVAA391nmjCo1oVv6YBCuBwVOHAEegu1uvOZFOJoeLFQFAbYn5P,176,Lyan200g,4,491958.2,348028.4
M416,LordKnightTHC,3,73977.08,491233.1,ERANGEL,2U4GBNA0Ymnu2puyqf_NtQlNu-P-GhW9oVdBiQ14E36G-AiBhSA2Xn0jiFh8E__R,1656,TriscuitDaBisket,5,73667.23,491495.3
M416,LordKnightTHC,3,73533.7,490967.7,ERANGEL,2U4GBNA0Ymnu2puyqf_NtQlNu-P-GhW9oVdBiQ14E36G-AiBhSA2Xn0jiFh8E__R,1663,DishonestPlace,5,73771.46,490630.1
Down and Out,Teaksanny,3,130026.9,516529.5,ERANGEL,2U4GBNA0YmkfVhVAA391nmjCo1oVv6YBCuBwVOHAEegu1uvOZFOJoeLFQFAbYn5P,1400,kjvchi,5,141693.1,543492.4
Down and Out,PAPcannon,2,141283.8,552427.2,ERANGEL,2U4GBNA0YmkfVhVAA391nmjCo1oVv6YBCuBwVOHAEegu1uvOZFOJoeLFQFAbYn5P,1400,shafT-m1ng,5,142040,543430.4
Mini 14,PAPcannon,2,141313.4,552305.1,ERANGEL,2U4GBNA0YmkfVhVAA391nmjCo1oVv6YBCuBwVOHAEegu1uvOZFOJoeLFQFAbYn5P,1400,pddshizhu666,5,142264.4,539094.9
Down and Out,daheng----1993,1,213172.5,497319.2,ERANGEL,2U4GBNA0YmnPbefQNZwA5BwIZZGr1rbZ9ME75ZSoLLy_5k7XslGLplmzebtdZiO8,1686,ezez13Yi,5,212550.6,505635.4
SCAR-L,daheng----1993,1,213799,498729.6,ERANGEL,2U4GBNA0YmnPbefQNZwA5BwIZZGr1rbZ9ME75ZSoLLy_5k7XslGLplmzebtdZiO8,1686,Lishuaiqi1994,5,213553.7,501875.5
UMP9,kjvchi,5,341146.9,173794.7,ERANGEL,2U4GBNA0YmkfVhVAA391nmjCo1oVv6YBCuBwVOHAEegu1uvOZFOJoeLFQFAbYn5P,195,Akoreth,5,341312.5,173710.7
Down and Out,x-WU008,1,63455.71,511057.5,ERANGEL,2U4GBNA0Ymnu2puyqf_NtQlNu-P-GhW9oVdBiQ14E36G-AiBhSA2Xn0jiFh8E__R,1629,Turd_Cutter,6,52182.54,509539.4
AKM,Faker-SKT1,1,58985.72,506548.4,ERANGEL,2U4GBNA0Ymnu2puyqf_NtQlNu-P-GhW9oVdBiQ14E36G-AiBhSA2Xn0jiFh8E__R,1629,Dspritzman,6,52737.05,508477.3
M416,ElvanIV,3,214979.5,519807.6,ERANGEL,2U4GBNA0YmnPbefQNZwA5BwIZZGr1rbZ9ME75ZSoLLy_5k7XslGLplmzebtdZiO8,1518,djoll,6,215019.7,520044.9
AKM,yuejingbutiao,29,303959.8,500766.6,ERANGEL,2U4GBNA0YmnPbefQNZwA5BwIZZGr1rbZ9ME75ZSoLLy_5k7XslGLplmzebtdZiO8,578,DWXBzyb,6,303937.2,501756.9
Grenade,xzz0727ljj,6,363448.9,581731.7,ERANGEL,2U4GBNA0YmkfVhVAA391nmjCo1oVv6YBCuBwVOHAEegu1uvOZFOJoeLFQFAbYn5P,1133,xzz0727ljj,6,363448.9,581731.7
Down and Out,Ailurophile_,7,354640.8,571274.9,ERANGEL,2U4GBNA0YmkfVhVAA391nmjCo1oVv6YBCuBwVOHAEegu1uvOZFOJoeLFQFAbYn5P,1074,Chensir1014,6,367865,585908.8
M16A4,PhyrexianNegator,17,457654.7,626385.4,ERANGEL,2U4GBNA0YmkfVhVAA391nmjCo1oVv6YBCuBwVOHAEegu1uvOZFOJoeLFQFAbYn5P,534,MAPSMIKE,6,457704.9,626966.8
Bluezone,DishonestPlace,5,82045.64,480374.9,ERANGEL,2U4GBNA0Ymnu2puyqf_NtQlNu-P-GhW9oVdBiQ14E36G-AiBhSA2Xn0jiFh8E__R,1620,Hi_Im_Cody,7,71785.94,466013.6
Mk14,DishonestPlace,5,81911.62,481832.1,ERANGEL,2U4GBNA0Ymnu2puyqf_NtQlNu-P-GhW9oVdBiQ14E36G-AiBhSA2Xn0jiFh8E__R,1629,washyleopard,7,74290.44,473570.5
Down and Out,xzz0727ljj,6,367756.4,586018.4,ERANGEL,2U4GBNA0YmkfVhVAA391nmjCo1oVv6YBCuBwVOHAEegu1uvOZFOJoeLFQFAbYn5P,1090,Ailurophile_,7,363731.1,580955.2
M416,iiBroKeN,1,612070.4,588757.4,ERANGEL,2U4GBNA0YmkfVhVAA391nmjCo1oVv6YBCuBwVOHAEegu1uvOZFOJoeLFQFAbYn5P,524,LZ-Arlin,7,613482.1,589053.9
AKM,Bugs-BunnyKW,1,614103.7,591398.4,ERANGEL,2U4GBNA0YmkfVhVAA391nmjCo1oVv6YBCuBwVOHAEegu1uvOZFOJoeLFQFAbYn5P,491,CJpp,7,613913.8,589978.6
Kar98k,TriscuitDaBisket,5,84147.59,478509.6,ERANGEL,2U4GBNA0Ymnu2puyqf_NtQlNu-P-GhW9oVdBiQ14E36G-AiBhSA2Xn0jiFh8E__R,1568,RemyGames,8,77647.35,469083.6
Down and Out,TriscuitDaBisket,5,84149.05,478545.3,ERANGEL,2U4GBNA0Ymnu2puyqf_NtQlNu-P-GhW9oVdBiQ14E36G-AiBhSA2Xn0jiFh8E__R,1561,Suspected,8,82009.03,467887.4
UMP9,FP04YT,3,159415.9,491152.1,ERANGEL,2U4GBNA0YmkfVhVAA391nmjCo1oVv6YBCuBwVOHAEegu1uvOZFOJoeLFQFAbYn5P,1048,himynameizzryan,8,158377.1,488461.5
Down and Out,Twiist_Legacy,3,160132.6,491417.2,ERANGEL,2U4GBNA0YmkfVhVAA391nmjCo1oVv6YBCuBwVOHAEegu1uvOZFOJoeLFQFAbYn5P,1072,KevinNeverDies,8,161075,489281.4
M16A4,Teaksanny,3,161406.3,489663.1,ERANGEL,2U4GBNA0YmkfVhVAA391nmjCo1oVv6YBCuBwVOHAEegu1uvOZFOJoeLFQFAbYn5P,1072,CheapPlastic,8,161186.6,488970.9
SCAR-L,daheng----1993,1,211951,485952.6,ERANGEL,2U4GBNA0YmnPbefQNZwA5BwIZZGr1rbZ9ME75ZSoLLy_5k7XslGLplmzebtdZiO8,1474,MCB88,8,207412.2,488753.1
Down and Out,TriscuitDaBisket,5,84500.23,478793.2,ERANGEL,2U4GBNA0Ymnu2puyqf_NtQlNu-P-GhW9oVdBiQ14E36G-AiBhSA2Xn0jiFh8E__R,1534,Denleslaw,9,84038.77,479518.1
M416,TriscuitDaBisket,5,84547.94,478682.5,ERANGEL,2U4GBNA0Ymnu2puyqf_NtQlNu-P-GhW9oVdBiQ14E36G-AiBhSA2Xn0jiFh8E__R,1534,Pandagamer0915,9,84441.48,479126.9
S686,FOP-PAKE,9,346115.7,561415.2,ERANGEL,2U4GBNA0YmkfVhVAA391nmjCo1oVv6YBCuBwVOHAEegu1uvOZFOJoeLFQFAbYn5P,904,Kaori-Kawai,9,346076.4,561059.5
Down and Out,Ailurophile_,7,341518.5,547353.1,ERANGEL,2U4GBNA0YmkfVhVAA391nmjCo1oVv6YBCuBwVOHAEegu1uvOZFOJoeLFQFAbYn5P,951,FOP-PAKE,9,352549.4,570037.3
Down and Out,Canglaoshi0,7,353971.9,570350.9,ERANGEL,2U4GBNA0YmkfVhVAA391nmjCo1oVv6YBCuBwVOHAEegu1uvOZFOJoeLFQFAbYn5P,929,Dotamobua,9,353426.3,569987.6
Grenade,Ailurophile_,7,355431.1,572313.4,ERANGEL,2U4GBNA0YmkfVhVAA391nmjCo1oVv6YBCuBwVOHAEegu1uvOZFOJoeLFQFAbYn5P,997,xipan,9,354124.7,571270.4
M416,DishonestPlace,5,82438.92,479957.5,ERANGEL,2U4GBNA0Ymnu2puyqf_NtQlNu-P-GhW9oVdBiQ14E36G-AiBhSA2Xn0jiFh8E__R,1528,jc3po,10,92087.94,496110.4
SCAR-L,PAPcannon,2,369353.9,490466.5,ERANGEL,2U4GBNA0YmkfVhVAA391nmjCo1oVv6YBCuBwVOHAEegu1uvOZFOJoeLFQFAbYn5P,962,vnkiller,10,369402.5,491273.5
SCAR-L,PAPcannon,2,369430.2,491525.9,ERANGEL,2U4GBNA0YmkfVhVAA391nmjCo1oVv6YBCuBwVOHAEegu1uvOZFOJoeLFQFAbYn5P,967,GYgroup,10,370180.9,496541.1
Bluezone,PAPcannon,2,369430.2,491525.9,ERANGEL,2U4GBNA0YmkfVhVAA391nmjCo1oVv6YBCuBwVOHAEegu1uvOZFOJoeLFQFAbYn5P,967,dvoramelculo,10,370356.1,496704.4
SCAR-L,ZSH2580,2,372800.7,495282.6,ERANGEL,2U4GBNA0YmkfVhVAA391nmjCo1oVv6YBCuBwVOHAEegu1uvOZFOJoeLFQFAbYn5P,947,meanwolf,10,370551.7,496702
M416,DishonestPlace,5,392198.4,295707.6,ERANGEL,2U4GBNA0Ymnu2puyqf_NtQlNu-P-GhW9oVdBiQ14E36G-AiBhSA2Xn0jiFh8E__R,502,jake0oo0,10,389302.5,301567.9
M416,TriscuitDaBisket,5,83903.72,478402.5,ERANGEL,2U4GBNA0Ymnu2puyqf_NtQlNu-P-GhW9oVdBiQ14E36G-AiBhSA2Xn0jiFh8E__R,1499,Forresterr,11,98173.39,486397.5
M416,kjvchi,5,235072.7,468184.3,ERANGEL,2U4GBNA0YmkfVhVAA391nmjCo1oVv6YBCuBwVOHAEegu1uvOZFOJoeLFQFAbYn5P,967,STMMS,11,224925.7,466563.2
Down and Out,kjvchi,5,235072.7,468184.3,ERANGEL,2U4GBNA0YmkfVhVAA391nmjCo1oVv6YBCuBwVOHAEegu1uvOZFOJoeLFQFAbYn5P,967,baiyuxing233,11,226445.9,469709.4
M416,kjvchi,5,235085.3,468213.6,ERANGEL,2U4GBNA0YmkfVhVAA391nmjCo1oVv6YBCuBwVOHAEegu1uvOZFOJoeLFQFAbYn5P,957,qiqiluoluo66,11,233235.5,468051.6
SCAR-L,Forresterr,11,97400.83,487438.8,ERANGEL,2U4GBNA0Ymnu2puyqf_NtQlNu-P-GhW9oVdBiQ14E36G-AiBhSA2Xn0jiFh8E__R,1469,hockeylagu,12,95914.65,492466.7
Down and Out,jc3po,10,103454.9,494897.7,ERANGEL,2U4GBNA0Ymnu2puyqf_NtQlNu-P-GhW9oVdBiQ14E36G-AiBhSA2Xn0jiFh8E__R,1469,Docanimo,12,98506.07,493512.8
SKS,Lishuaiqi1994,5,272074.1,525189.3,ERANGEL,2U4GBNA0YmnPbefQNZwA5BwIZZGr1rbZ9ME75ZSoLLy_5k7XslGLplmzebtdZiO8,1323,Phil4141,12,271588,502810.4
Down and Out,ezez13Yi,5,272628.3,530356.2,ERANGEL,2U4GBNA0YmnPbefQNZwA5BwIZZGr1rbZ9ME75ZSoLLy_5k7XslGLplmzebtdZiO8,1313,MarvelJoker,12,278755.4,504831.4
Grenade,daheng----1993,1,246313.7,466954.5,ERANGEL,2U4GBNA0YmnPbefQNZwA5BwIZZGr1rbZ9ME75ZSoLLy_5k7XslGLplmzebtdZiO8,1218,fengchengchao,13,246130.8,466660.7
UMP9,O1dfriend,27,354149,415283.2,ERANGEL,2U4GBNA0YmnPbefQNZwA5BwIZZGr1rbZ9ME75ZSoLLy_5k7XslGLplmzebtdZiO8,644,Martin_Lby,13,354823.8,415287
UMP9,NicholasL666,2,366550.5,490676.3,ERANGEL,2U4GBNA0YmkfVhVAA391nmjCo1oVv6YBCuBwVOHAEegu1uvOZFOJoeLFQFAbYn5P,816,AltriaPandragonS,13,364135.3,488694.1
Kar98k,Ailurophile_,7,491651.4,653269.8,ERANGEL,2U4GBNA0YmkfVhVAA391nmjCo1oVv6YBCuBwVOHAEegu1uvOZFOJoeLFQFAbYn5P,507,crazy_shine,13,483073.2,670102.3
Hit by Car,WoehrAE,15,252945.6,430353.2,ERANGEL,2U4GBNA0YmkfVhVAA391nmjCo1oVv6YBCuBwVOHAEegu1uvOZFOJoeLFQFAbYn5P,786,WoehrAE,15,252945.6,430353.2
Hit by Car,FLOWINSTINCT,15,252962.8,430609.6,ERANGEL,2U4GBNA0YmkfVhVAA391nmjCo1oVv6YBCuBwVOHAEegu1uvOZFOJoeLFQFAbYn5P,786,FLOWINSTINCT,15,252962.8,430609.6
M416,Phil4141,12,305340.3,510785.8,ERANGEL,2U4GBNA0YmnPbefQNZwA5BwIZZGr1rbZ9ME75ZSoLLy_5k7XslGLplmzebtdZiO8,1133,Budy-,15,304712.7,510430.6
Down and Out,daheng----1993,1,314335.5,453608.6,ERANGEL,2U4GBNA0YmnPbefQNZwA5BwIZZGr1rbZ9ME75ZSoLLy_5k7XslGLplmzebtdZiO8,1133,TAOLONGHUOGUI,15,306654.6,511358.3
UMP9,FP04YT,3,388096.9,130006.6,ERANGEL,2U4GBNA0YmkfVhVAA391nmjCo1oVv6YBCuBwVOHAEegu1uvOZFOJoeLFQFAbYn5P,191,ItsSweth,15,388087.1,129641.2
AKM,adog_gaming,19,545491.4,230631.9,ERANGEL,2U4GBNA0YmkfVhVAA391nmjCo1oVv6YBCuBwVOHAEegu1uvOZFOJoeLFQFAbYn5P,332,CuckReks,15,543562.3,235702.8
Kar98k,x-WU008,1,62458.4,562747.3,ERANGEL,2U4GBNA0Ymnu2puyqf_NtQlNu-P-GhW9oVdBiQ14E36G-AiBhSA2Xn0jiFh8E__R,1267,IDontWantBanana,16,47885.9,549811.8
Down and Out,Faker-SKT1,1,62798.75,562590.4,ERANGEL,2U4GBNA0Ymnu2puyqf_NtQlNu-P-GhW9oVdBiQ14E36G-AiBhSA2Xn0jiFh8E__R,1267,daiFish,16,48085.05,549604.2
M416,Wawabot,7,246668.6,433589.6,ERANGEL,2U4GBNA0YmnPbefQNZwA5BwIZZGr1rbZ9ME75ZSoLLy_5k7XslGLplmzebtdZiO8,1133,DawnStrider371,16,246068.5,434938.3
Down and Out,wonenggou,7,246647.4,433593.6,ERANGEL,2U4GBNA0YmnPbefQNZwA5BwIZZGr1rbZ9ME75ZSoLLy_5k7XslGLplmzebtdZiO8,1133,NightStrider371,16,247888.2,434343.9
Down and Out,MCB88,8,257100,387858.8,ERANGEL,2U4GBNA0YmnPbefQNZwA5BwIZZGr1rbZ9ME75ZSoLLy_5k7XslGLplmzebtdZiO8,1106,Xin_Tiao__1124,17,250142.7,394886.2
UMP9,MCB88,8,250302.5,393427.1,ERANGEL,2U4GBNA0YmnPbefQNZwA5BwIZZGr1rbZ9ME75ZSoLLy_5k7XslGLplmzebtdZiO8,1106,lailaidalao,17,250166.3,394214.4
Mini 14,issakura,18,364240.2,410230.6,ERANGEL,2U4GBNA0YmkfVhVAA391nmjCo1oVv6YBCuBwVOHAEegu1uvOZFOJoeLFQFAbYn5P,476,JunoAwardWinner,17,362667.5,409221.9
S12K,issakura,18,366376.8,410937.8,ERANGEL,2U4GBNA0YmkfVhVAA391nmjCo1oVv6YBCuBwVOHAEegu1uvOZFOJoeLFQFAbYn5P,579,likethissounds,17,366219.2,410790.9
SCAR-L,xzz0727ljj,6,455518.9,629943.7,ERANGEL,2U4GBNA0YmkfVhVAA391nmjCo1oVv6YBCuBwVOHAEegu1uvOZFOJoeLFQFAbYn5P,576,ohdadada,17,454485.3,626251.2
M416,xzz0727ljj,6,457269.3,624609.4,ERANGEL,2U4GBNA0YmkfVhVAA391nmjCo1oVv6YBCuBwVOHAEegu1uvOZFOJoeLFQFAbYn5P,642,PlutoIndustry,17,456150.7,623503
Down and Out,xzz0727ljj,6,458038.7,626990,ERANGEL,2U4GBNA0YmkfVhVAA391nmjCo1oVv6YBCuBwVOHAEegu1uvOZFOJoeLFQFAbYn5P,596,zxc20836,17,457398.6,624834.9
S12K,Chensir1014,6,457722.8,626967.9,ERANGEL,2U4GBNA0YmkfVhVAA391nmjCo1oVv6YBCuBwVOHAEegu1uvOZFOJoeLFQFAbYn5P,541,PhyrexianNegator,17,457704.9,627040.9
Falling,CHina_LongShao,18,288725.6,588933.1,ERANGEL,2U4GBNA0Ymnu2puyqf_NtQlNu-P-GhW9oVdBiQ14E36G-AiBhSA2Xn0jiFh8E__R,1184,Lengc,18,288718.3,588348.8
M16A4,likethissounds,17,365157.9,408845.4,ERANGEL,2U4GBNA0YmkfVhVAA391nmjCo1oVv6YBCuBwVOHAEegu1uvOZFOJoeLFQFAbYn5P,522,Berniceckyo,18,365180.8,411073.8
S1897,tractiv,17,365818.3,411178.3,ERANGEL,2U4GBNA0YmkfVhVAA391nmjCo1oVv6YBCuBwVOHAEegu1uvOZFOJoeLFQFAbYn5P,587,issakura,18,365906.5,411101.9
S1897,Irish-Cowboy,24,371786.8,413222.9,ERANGEL,2U4GBNA0YmkfVhVAA391nmjCo1oVv6YBCuBwVOHAEegu1uvOZFOJoeLFQFAbYn5P,199,FTWSND,18,371992.8,413269.6
S1897,Irish-Cowboy,24,372624.4,412861.8,ERANGEL,2U4GBNA0YmkfVhVAA391nmjCo1oVv6YBCuBwVOHAEegu1uvOZFOJoeLFQFAbYn5P,213,Justinering,18,372554.8,412973.4
Drown,IDontWantBanana,16,49177.79,549851.1,ERANGEL,2U4GBNA0Ymnu2puyqf_NtQlNu-P-GhW9oVdBiQ14E36G-AiBhSA2Xn0jiFh8E__R,1182,Riaze,19,47952.01,550202.4
UMP9,IDontWantBanana,16,49177.79,549851.1,ERANGEL,2U4GBNA0Ymnu2puyqf_NtQlNu-P-GhW9oVdBiQ14E36G-AiBhSA2Xn0jiFh8E__R,1183,Riazl,19,49749.27,552609.8
M16A4,WoehrAE,15,554933,239025.5,ERANGEL,2U4GBNA0YmkfVhVAA391nmjCo1oVv6YBCuBwVOHAEegu1uvOZFOJoeLFQFAbYn5P,469,adog_gaming,19,555618.2,235333.2
M16A4,WoehrAE,15,557455.4,242410.8,ERANGEL,2U4GBNA0YmkfVhVAA391nmjCo1oVv6YBCuBwVOHAEegu1uvOZFOJoeLFQFAbYn5P,428,Eurowned,19,556395.8,242127.9
UMP9,FLOWINSTINCT,15,553410.8,237226.7,ERANGEL,2U4GBNA0YmkfVhVAA391nmjCo1oVv6YBCuBwVOHAEegu1uvOZFOJoeLFQFAbYn5P,430,GouchTaintChode,19,556603.1,238974.3
M16A4,WoehrAE,15,558314.3,242258.4,ERANGEL,2U4GBNA0YmkfVhVAA391nmjCo1oVv6YBCuBwVOHAEegu1uvOZFOJoeLFQFAbYn5P,361,THEHVACGURU,19,558517.4,242647
Uaz,djoll,6,303185.4,500877.3,ERANGEL,2U4GBNA0YmnPbefQNZwA5BwIZZGr1rbZ9ME75ZSoLLy_5k7XslGLplmzebtdZiO8,936,akshjdbh,20,304176.6,491924.4
Uaz,djoll,6,303185.4,500877.3,ERANGEL,2U4GBNA0YmnPbefQNZwA5BwIZZGr1rbZ9ME75ZSoLLy_5k7XslGLplmzebtdZiO8,936,tsy110611,20,304253.6,491990.2
UMP9,MCB88,8,290485.6,345376.2,ERANGEL,2U4GBNA0YmnPbefQNZwA5BwIZZGr1rbZ9ME75ZSoLLy_5k7XslGLplmzebtdZiO8,895,FGOHH,21,291058,345238.6
Hit by Car,TriscuitDaBisket,5,291087.3,376491.1,ERANGEL,2U4GBNA0Ymnu2puyqf_NtQlNu-P-GhW9oVdBiQ14E36G-AiBhSA2Xn0jiFh8E__R,875,XiaoZhezhi,21,291076.8,375985.2
SCAR-L,daheng----1993,1,387984.5,436526.9,ERANGEL,2U4GBNA0YmnPbefQNZwA5BwIZZGr1rbZ9ME75ZSoLLy_5k7XslGLplmzebtdZiO8,918,MG446064144,21,387488.3,441266.8
Micro UZI,SYLVIAMEMEDA,22,396478.2,293568.3,ERANGEL,2U4GBNA0YmkfVhVAA391nmjCo1oVv6YBCuBwVOHAEegu1uvOZFOJoeLFQFAbYn5P,251,dexslab,21,397968.2,294480.7
Micro UZI,ShiNiDaYiFu,22,398798.6,301446.1,ERANGEL,2U4GBNA0YmkfVhVAA391nmjCo1oVv6YBCuBwVOHAEegu1uvOZFOJoeLFQFAbYn5P,250,TheKase,21,398086.5,294290.8
AKM,TriscuitDaBisket,5,398901.6,292015.2,ERANGEL,2U4GBNA0Ymnu2puyqf_NtQlNu-P-GhW9oVdBiQ14E36G-AiBhSA2Xn0jiFh8E__R,531,Dan_DanD_G,21,398540.6,294131.6
Down and Out,Louxixi,11,398291.6,291492.1,ERANGEL,2U4GBNA0YmkfVhVAA391nmjCo1oVv6YBCuBwVOHAEegu1uvOZFOJoeLFQFAbYn5P,373,Viktor_Vyx,21,398828.8,291786.3
Micro UZI,baiyuxing233,11,398787.2,291893.3,ERANGEL,2U4GBNA0YmkfVhVAA391nmjCo1oVv6YBCuBwVOHAEegu1uvOZFOJoeLFQFAbYn5P,373,Phranchyze,21,399057.6,291911.4
Down and Out,MAPSMIKE,6,444898.5,630998.6,ERANGEL,2U4GBNA0YmkfVhVAA391nmjCo1oVv6YBCuBwVOHAEegu1uvOZFOJoeLFQFAbYn5P,374,ProffesorPwner,21,446204,630337.8
M416,xzz0727ljj,6,451831.1,628784.2,ERANGEL,2U4GBNA0YmkfVhVAA391nmjCo1oVv6YBCuBwVOHAEegu1uvOZFOJoeLFQFAbYn5P,373,ShuLianQuQ,21,449416.5,628299.7
S12K,xzz0727ljj,6,450004.5,629402.4,ERANGEL,2U4GBNA0YmkfVhVAA391nmjCo1oVv6YBCuBwVOHAEegu1uvOZFOJoeLFQFAbYn5P,213,ratattack97,21,450084.9,629524.8
M16A4,PlutoIndustry,17,435361.4,625217.3,ERANGEL,2U4GBNA0YmkfVhVAA391nmjCo1oVv6YBCuBwVOHAEegu1uvOZFOJoeLFQFAbYn5P,267,shooby25,21,451009.8,628739.7
UMP9,MG446064144,21,529952.4,387815.6,ERANGEL,2U4GBNA0YmnPbefQNZwA5BwIZZGr1rbZ9ME75ZSoLLy_5k7XslGLplmzebtdZiO8,798,desireyz,21,529715,387931.6
AWM,Xin_Tiao__1124,17,256679,384573.9,ERANGEL,2U4GBNA0YmnPbefQNZwA5BwIZZGr1rbZ9ME75ZSoLLy_5k7XslGLplmzebtdZiO8,822,king_laowang,22,248841,393059
Down and Out,king_laowang,22,251009.8,394041.8,ERANGEL,2U4GBNA0YmnPbefQNZwA5BwIZZGr1rbZ9ME75ZSoLLy_5k7XslGLplmzebtdZiO8,822,Aganman,22,248988,393969.7
UMP9,STMMS,11,391742.4,281416.2,ERANGEL,2U4GBNA0YmkfVhVAA391nmjCo1oVv6YBCuBwVOHAEegu1uvOZFOJoeLFQFAbYn5P,123,Xiao_NengNeng,22,391787.2,281161.8
Down and Out,Louxixi,11,393105.8,292948.6,ERANGEL,2U4GBNA0YmkfVhVAA391nmjCo1oVv6YBCuBwVOHAEegu1uvOZFOJoeLFQFAbYn5P,316,SYLVIAMEMEDA,22,395754.8,293312.2
AKM,Louxixi,11,393611.1,293035.9,ERANGEL,2U4GBNA0YmkfVhVAA391nmjCo1oVv6YBCuBwVOHAEegu1uvOZFOJoeLFQFAbYn5P,281,PuzzleFiora,22,396030.8,294404.4
S1897,ScareBear,23,397723.4,354052.3,ERANGEL,2U4GBNA0YmkfVhVAA391nmjCo1oVv6YBCuBwVOHAEegu1uvOZFOJoeLFQFAbYn5P,157,Dreamjesus3,22,397739.3,354170.5
M416,qiqiluoluo66,11,397732.2,294471.7,ERANGEL,2U4GBNA0YmkfVhVAA391nmjCo1oVv6YBCuBwVOHAEegu1uvOZFOJoeLFQFAbYn5P,330,ShiNiDaYiFu,22,397783.5,299445.8
AKM,ScareBear,23,397713.8,354133.4,ERANGEL,2U4GBNA0YmkfVhVAA391nmjCo1oVv6YBCuBwVOHAEegu1uvOZFOJoeLFQFAbYn5P,137,Necromorph734,22,397786.1,354167.6
AKM,fengchengchao,13,356554.1,412575.3,ERANGEL,2U4GBNA0YmnPbefQNZwA5BwIZZGr1rbZ9ME75ZSoLLy_5k7XslGLplmzebtdZiO8,757,VitalyD,23,354847.1,414005.4
Down and Out,fengchengchao,13,356583.6,412605.9,ERANGEL,2U4GBNA0YmnPbefQNZwA5BwIZZGr1rbZ9ME75ZSoLLy_5k7XslGLplmzebtdZiO8,757,FearofGod69,23,355031.9,414124.6
Down and Out,Cote,22,396995,354638.2,ERANGEL,2U4GBNA0YmkfVhVAA391nmjCo1oVv6YBCuBwVOHAEegu1uvOZFOJoeLFQFAbYn5P,253,UnrealButter,23,396562.9,353848
Down and Out,Cote,22,397105.3,354707.5,ERANGEL,2U4GBNA0YmkfVhVAA391nmjCo1oVv6YBCuBwVOHAEegu1uvOZFOJoeLFQFAbYn5P,253,crimsondragon02,23,396846.8,354369.5
P1911,SBHockey15,22,397730.3,353329.8,ERANGEL,2U4GBNA0YmkfVhVAA391nmjCo1oVv6YBCuBwVOHAEegu1uvOZFOJoeLFQFAbYn5P,253,ScareBear,23,397382.6,354083.8
Down and Out,king_laowang,22,249724.4,395682.8,ERANGEL,2U4GBNA0YmnPbefQNZwA5BwIZZGr1rbZ9ME75ZSoLLy_5k7XslGLplmzebtdZiO8,738,goutouquan,24,249963.8,396192.9
M16A4,Aganman,22,251648.6,395515.2,ERANGEL,2U4GBNA0YmnPbefQNZwA5BwIZZGr1rbZ9ME75ZSoLLy_5k7XslGLplmzebtdZiO8,738,songjian0017,24,250629.7,394889.2
M416,LordKnightTHC,3,367957.2,388710,ERANGEL,2U4GBNA0Ymnu2puyqf_NtQlNu-P-GhW9oVdBiQ14E36G-AiBhSA2Xn0jiFh8E__R,812,Gaggon_MaKack,24,367623.5,388681.9
M416,LordKnightTHC,3,367694.5,388681.2,ERANGEL,2U4GBNA0Ymnu2puyqf_NtQlNu-P-GhW9oVdBiQ14E36G-AiBhSA2Xn0jiFh8E__R,802,GrandamaLover,24,367820.3,388781.8
S686,issakura,18,371978,413350.3,ERANGEL,2U4GBNA0YmkfVhVAA391nmjCo1oVv6YBCuBwVOHAEegu1uvOZFOJoeLFQFAbYn5P,177,Scooyt-Booty,24,371562.7,412454.1
S12K,FTWSND,18,371814.9,412385.6,ERANGEL,2U4GBNA0YmkfVhVAA391nmjCo1oVv6YBCuBwVOHAEegu1uvOZFOJoeLFQFAbYn5P,170,JoeyJohannas,24,371869.9,412308
S12K,issakura,18,372289.2,412955.2,ERANGEL,2U4GBNA0YmkfVhVAA391nmjCo1oVv6YBCuBwVOHAEegu1uvOZFOJoeLFQFAbYn5P,226,Irish-Cowboy,24,372546.8,412945.8
Down and Out,xintiaobuzhi,24,530576.8,442551.8,ERANGEL,2U4GBNA0YmkfVhVAA391nmjCo1oVv6YBCuBwVOHAEegu1uvOZFOJoeLFQFAbYn5P,411,xintiaobuzhi,24,530576.8,442551.8
SCAR-L,RemyGames,8,274421.7,268280.9,ERANGEL,2U4GBNA0Ymnu2puyqf_NtQlNu-P-GhW9oVdBiQ14E36G-AiBhSA2Xn0jiFh8E__R,775,MrGolf_Z,25,271913.3,268668.3
SCAR-L,RemyGames,8,274640.3,267567,ERANGEL,2U4GBNA0Ymnu2puyqf_NtQlNu-P-GhW9oVdBiQ14E36G-AiBhSA2Xn0jiFh8E__R,746,teejagan123456,25,275426.4,267016.3
S1897,tractiv,17,366283.3,396129,ERANGEL,2U4GBNA0YmkfVhVAA391nmjCo1oVv6YBCuBwVOHAEegu1uvOZFOJoeLFQFAbYn5P,169,GamerZeon,25,366253.3,396775.4
S1897,JunoAwardWinner,17,366437.7,388958.6,ERANGEL,2U4GBNA0YmkfVhVAA391nmjCo1oVv6YBCuBwVOHAEegu1uvOZFOJoeLFQFAbYn5P,98,Bolt762,25,366328.4,388966.9
Down and Out,tractiv,17,366148.1,395995.5,ERANGEL,2U4GBNA0YmkfVhVAA391nmjCo1oVv6YBCuBwVOHAEegu1uvOZFOJoeLFQFAbYn5P,169,CooLMaaN,25,366343.2,396944.9
M416,songjian0017,24,252048.8,395747.6,ERANGEL,2U4GBNA0YmnPbefQNZwA5BwIZZGr1rbZ9ME75ZSoLLy_5k7XslGLplmzebtdZiO8,719,mlchll,26,250812.3,393942.8
Down and Out,goutouquan,24,249699,395347.6,ERANGEL,2U4GBNA0YmnPbefQNZwA5BwIZZGr1rbZ9ME75ZSoLLy_5k7XslGLplmzebtdZiO8,719,oTHTo,26,251512.3,394302.3
SKS,KyoninN,1,387550.6,428655.6,ERANGEL,2U4GBNA0YmnPbefQNZwA5BwIZZGr1rbZ9ME75ZSoLLy_5k7XslGLplmzebtdZiO8,716,wait541664,26,377210,430243.8
Mini 14,shooby25,21,446439,620663.2,ERANGEL,2U4GBNA0YmkfVhVAA391nmjCo1oVv6YBCuBwVOHAEegu1uvOZFOJoeLFQFAbYn5P,133,muxin-6,26,437767,620554.7
AKM,gather_the_great,28,222567.9,398971.5,ERANGEL,2U4GBNA0Ymnu2puyqf_NtQlNu-P-GhW9oVdBiQ14E36G-AiBhSA2Xn0jiFh8E__R,607,zephyyr,27,222012.9,397813.9
UMP9,FearofGod69,23,356092.7,410454.5,ERANGEL,2U4GBNA0YmnPbefQNZwA5BwIZZGr1rbZ9ME75ZSoLLy_5k7XslGLplmzebtdZiO8,684,O1dfriend,27,354999.3,414309.5
UMP9,FearofGod69,23,356740.8,410701.9,ERANGEL,2U4GBNA0YmnPbefQNZwA5BwIZZGr1rbZ9ME75ZSoLLy_5k7XslGLplmzebtdZiO8,679,CCDY1,27,356089.2,410452.5
Down and Out,Denleslaw,9,398286.2,352598.4,ERANGEL,2U4GBNA0Ymnu2puyqf_NtQlNu-P-GhW9oVdBiQ14E36G-AiBhSA2Xn0jiFh8E__R,694,General_Tso,27,394081.5,344702.6
SCAR-L,Denleslaw,9,395284.3,345262.3,ERANGEL,2U4GBNA0Ymnu2puyqf_NtQlNu-P-GhW9oVdBiQ14E36G-AiBhSA2Xn0jiFh8E__R,694,wst12345,27,395092.8,341388.4
S1897,CHR1sDior_523,6,421889.3,648394.9,ERANGEL,2U4GBNA0YmkfVhVAA391nmjCo1oVv6YBCuBwVOHAEegu1uvOZFOJoeLFQFAbYn5P,101,Trebuse,27,421838.8,647655.4
Mini 14,MAPSMIKE,6,432271.5,635536.8,ERANGEL,2U4GBNA0YmkfVhVAA391nmjCo1oVv6YBCuBwVOHAEegu1uvOZFOJoeLFQFAbYn5P,81,cdspacexx,27,432401.5,635561.4
Mini 14,MAPSMIKE,6,432423.9,635161.5,ERANGEL,2U4GBNA0YmkfVhVAA391nmjCo1oVv6YBCuBwVOHAEegu1uvOZFOJoeLFQFAbYn5P,89,BigPapiJaki,27,432487.3,635289.4
Down and Out,zephyyr,27,222208.3,397955.5,ERANGEL,2U4GBNA0Ymnu2puyqf_NtQlNu-P-GhW9oVdBiQ14E36G-AiBhSA2Xn0jiFh8E__R,608,Deathwish47,28,221342.1,398748.5
M16A4,Bjornironhide,27,221824.9,397273.2,ERANGEL,2U4GBNA0Ymnu2puyqf_NtQlNu-P-GhW9oVdBiQ14E36G-AiBhSA2Xn0jiFh8E__R,608,gather_the_great,28,222462.2,398976.9
M416,ezez13Yi,5,446951.5,620006.1,ERANGEL,2U4GBNA0YmnPbefQNZwA5BwIZZGr1rbZ9ME75ZSoLLy_5k7XslGLplmzebtdZiO8,593,AIMeiZhe1111,28,447921.3,619881.3
M416,Lishuaiqi1994,5,446654.3,619735.8,ERANGEL,2U4GBNA0YmnPbefQNZwA5BwIZZGr1rbZ9ME75ZSoLLy_5k7XslGLplmzebtdZiO8,606,Game_Titan,28,451520.5,620178.6
M416,djoll,6,302289.9,501605.8,ERANGEL,2U4GBNA0YmnPbefQNZwA5BwIZZGr1rbZ9ME75ZSoLLy_5k7XslGLplmzebtdZiO8,597,yuejingbutiao,29,302367.7,501470.6
Down and Out,djoll,6,302978.3,503238.5,ERANGEL,2U4GBNA0YmnPbefQNZwA5BwIZZGr1rbZ9ME75ZSoLLy_5k7XslGLplmzebtdZiO8,597,ciownluo,29,303256.2,503375.2
Down and Out,x-WU008,1,477441.2,626033.9,ERANGEL,2U4GBNA0Ymnu2puyqf_NtQlNu-P-GhW9oVdBiQ14E36G-AiBhSA2Xn0jiFh8E__R,504,DarkNetVodka,29,484081.8,626448.4
M16A4,x-WU008,1,495319.7,639735.1,ERANGEL,2U4GBNA0Ymnu2puyqf_NtQlNu-P-GhW9oVdBiQ14E36G-AiBhSA2Xn0jiFh8E__R,589,Jiggernaut,29,495950.9,639873.5
Down and Out,daheng----1993,1,565443.2,252473.7,ERANGEL,2U4GBNA0YmnPbefQNZwA5BwIZZGr1rbZ9ME75ZSoLLy_5k7XslGLplmzebtdZiO8,194,LMQLY,30,567956.9,266128.6
Grenade,LLZ_CHINA,30,618830.6,310069.8,ERANGEL,2U4GBNA0YmnPbefQNZwA5BwIZZGr1rbZ9ME75ZSoLLy_5k7XslGLplmzebtdZiO8,585,LLZ_CHINA,30,618830.6,310069.8
UMP9,zephyyr,27,216654,397338.6,ERANGEL,2U4GBNA0Ymnu2puyqf_NtQlNu-P-GhW9oVdBiQ14E36G-AiBhSA2Xn0jiFh8E__R,466,Lucasop86,31,216742.6,397123.6
Down and Out,Bjornironhide,27,217783,391631.5,ERANGEL,2U4GBNA0Ymnu2puyqf_NtQlNu-P-GhW9oVdBiQ14E36G-AiBhSA2Xn0jiFh8E__R,466,Revan117,31,217118.8,393243.1
AKM,MagusAscendant,35,532575.4,233275.2,ERANGEL,2U4GBNA0YmnPbefQNZwA5BwIZZGr1rbZ9ME75ZSoLLy_5k7XslGLplmzebtdZiO8,224,guoxin04,31,532462.4,233046.7
Grenade,daheng----1993,1,543284.4,235487.5,ERANGEL,2U4GBNA0YmnPbefQNZwA5BwIZZGr1rbZ9ME75ZSoLLy_5k7XslGLplmzebtdZiO8,582,xiaosonglaile,31,543174.4,235030.2
M416,Yaocheng-,1,546550.3,232657.9,ERANGEL,2U4GBNA0YmnPbefQNZwA5BwIZZGr1rbZ9ME75ZSoLLy_5k7XslGLplmzebtdZiO8,525,shanggao-sunfeng,32,546849.6,232668.3
AKM,AndyUrBaba,13,554787,225340.8,ERANGEL,2U4GBNA0Ymnu2puyqf_NtQlNu-P-GhW9oVdBiQ14E36G-AiBhSA2Xn0jiFh8E__R,428,Thaaskor,32,554305.7,226978.2
AKM,AndyUrBaba,13,554810.4,225345.7,ERANGEL,2U4GBNA0Ymnu2puyqf_NtQlNu-P-GhW9oVdBiQ14E36G-AiBhSA2Xn0jiFh8E__R,427,D1stract10n,32,554448.9,227056.6
UMP9,MCB88,8,560766.6,168493.2,ERANGEL,2U4GBNA0YmnPbefQNZwA5BwIZZGr1rbZ9ME75ZSoLLy_5k7XslGLplmzebtdZiO8,280,fuyong123,32,561588.4,167131.6
Buggy,DDW6666,33,217238.4,393250.6,ERANGEL,2U4GBNA0YmnPbefQNZwA5BwIZZGr1rbZ9ME75ZSoLLy_5k7XslGLplmzebtdZiO8,522,DDW6666,33,217238.4,393250.6
M16A4,daiFish,16,360325.2,514408.2,ERANGEL,2U4GBNA0Ymnu2puyqf_NtQlNu-P-GhW9oVdBiQ14E36G-AiBhSA2Xn0jiFh8E__R,351,Unscarred,33,362878.5,509733.9
UMP9,IDontWantBanana,16,363396.2,515895.8,ERANGEL,2U4GBNA0Ymnu2puyqf_NtQlNu-P-GhW9oVdBiQ14E36G-AiBhSA2Xn0jiFh8E__R,373,Scyles00,33,363375.6,515466.5
Down and Out,9years_old,34,218072.7,369144.8,ERANGEL,2U4GBNA0YmnPbefQNZwA5BwIZZGr1rbZ9ME75ZSoLLy_5k7XslGLplmzebtdZiO8,513,8years_old,34,215259,370848.2
M416,songjian0017,24,215068.7,371153.8,ERANGEL,2U4GBNA0YmnPbefQNZwA5BwIZZGr1rbZ9ME75ZSoLLy_5k7XslGLplmzebtdZiO8,513,9years_old,34,218027.5,369187
Down and Out,General_Tso,27,423066.2,324960.3,ERANGEL,2U4GBNA0Ymnu2puyqf_NtQlNu-P-GhW9oVdBiQ14E36G-AiBhSA2Xn0jiFh8E__R,357,ckinamerican,34,422989.8,324563.3
S1897,General_Tso,27,423142,325365.9,ERANGEL,2U4GBNA0Ymnu2puyqf_NtQlNu-P-GhW9oVdBiQ14E36G-AiBhSA2Xn0jiFh8E__R,357,DDWjialun963250,34,423003.3,324892.5
AKM,Faker-SKT1,1,433539.9,636781.5,ERANGEL,2U4GBNA0Ymnu2puyqf_NtQlNu-P-GhW9oVdBiQ14E36G-AiBhSA2Xn0jiFh8E__R,354,Shadowbone11,35,432765.6,637791.3
Down and Out,Faker-SKT1,1,436807.5,636880.4,ERANGEL,2U4GBNA0Ymnu2puyqf_NtQlNu-P-GhW9oVdBiQ14E36G-AiBhSA2Xn0jiFh8E__R,354,spencerman100,35,433509.2,637513.6
P1911,guoxin04,31,532168.9,232856.8,ERANGEL,2U4GBNA0YmnPbefQNZwA5BwIZZGr1rbZ9ME75ZSoLLy_5k7XslGLplmzebtdZiO8,217,LJCYeah,35,532243.1,232900.2
SCAR-L,daheng----1993,1,557177.7,225592.8,ERANGEL,2U4GBNA0YmnPbefQNZwA5BwIZZGr1rbZ9ME75ZSoLLy_5k7XslGLplmzebtdZiO8,416,MagusAscendant,35,558136.4,234547.1
S1897,DDW6666,33,217745.3,393642,ERANGEL,2U4GBNA0YmnPbefQNZwA5BwIZZGr1rbZ9ME75ZSoLLy_5k7XslGLplmzebtdZiO8,415,ohfku-Leech,36,217391.6,394107.2
Hit by Car,DDW6666,33,217181.7,394699.3,ERANGEL,2U4GBNA0YmnPbefQNZwA5BwIZZGr1rbZ9ME75ZSoLLy_5k7XslGLplmzebtdZiO8,388,semperfifox,36,217634.9,394556.4
Down and Out,Quilici,49,388823.4,279003.9,ERANGEL,2U4GBNA0Ymnu2puyqf_NtQlNu-P-GhW9oVdBiQ14E36G-AiBhSA2Xn0jiFh8E__R,121,SANSAN033,36,392759.1,278037.3
M416,TriscuitDaBisket,5,408437.8,286633.4,ERANGEL,2U4GBNA0Ymnu2puyqf_NtQlNu-P-GhW9oVdBiQ14E36G-AiBhSA2Xn0jiFh8E__R,349,TCCCCCCCC,36,396445.2,288195.7
M16A4,jake0oo0,10,396807,295740,ERANGEL,2U4GBNA0Ymnu2puyqf_NtQlNu-P-GhW9oVdBiQ14E36G-AiBhSA2Xn0jiFh8E__R,115,Gside,37,396857.8,295417.2
M416,TCCCCCCCC,36,396435.5,286865.5,ERANGEL,2U4GBNA0Ymnu2puyqf_NtQlNu-P-GhW9oVdBiQ14E36G-AiBhSA2Xn0jiFh8E__R,268,TVNK,37,397692.5,288390.2
S12K,Pacino-,39,551763,225207.6,ERANGEL,2U4GBNA0YmnPbefQNZwA5BwIZZGr1rbZ9ME75ZSoLLy_5k7XslGLplmzebtdZiO8,286,088452,37,552406.1,225369.8
SCAR-L,daheng----1993,1,555763,224896.5,ERANGEL,2U4GBNA0YmnPbefQNZwA5BwIZZGr1rbZ9ME75ZSoLLy_5k7XslGLplmzebtdZiO8,390,zhaohongbin22,37,555908.4,225245.8
Down and Out,wst12345,27,423284,324645.6,ERANGEL,2U4GBNA0Ymnu2puyqf_NtQlNu-P-GhW9oVdBiQ14E36G-AiBhSA2Xn0jiFh8E__R,261,SetYouMisery,38,422956.6,324401.2
S1897,wst12345,27,423467.5,324602.9,ERANGEL,2U4GBNA0Ymnu2puyqf_NtQlNu-P-GhW9oVdBiQ14E36G-AiBhSA2Xn0jiFh8E__R,261,Dysania-Kevin,38,423299.8,324464.2
Motorbike,Chicken7K,38,424144.8,628325.3,ERANGEL,2U4GBNA0YmnPbefQNZwA5BwIZZGr1rbZ9ME75ZSoLLy_5k7XslGLplmzebtdZiO8,179,Chicken7K,38,424144.8,628325.3
SCAR-L,AIMeiZhe1111,28,443931.8,630705,ERANGEL,2U4GBNA0YmnPbefQNZwA5BwIZZGr1rbZ9ME75ZSoLLy_5k7XslGLplmzebtdZiO8,355,HongYu_0911,38,443481.3,628412.8
Down and Out,Jiggernaut,29,467798.2,645971.9,ERANGEL,2U4GBNA0Ymnu2puyqf_NtQlNu-P-GhW9oVdBiQ14E36G-AiBhSA2Xn0jiFh8E__R,239,Thekingofthe,39,467824.2,645595.8
M416,DarkNetVodka,29,467631.8,646003.3,ERANGEL,2U4GBNA0Ymnu2puyqf_NtQlNu-P-GhW9oVdBiQ14E36G-AiBhSA2Xn0jiFh8E__R,239,bililuotianxuan,39,467878.9,644839.3
SCAR-L,daheng----1993,1,555774.4,224873.6,ERANGEL,2U4GBNA0YmnPbefQNZwA5BwIZZGr1rbZ9ME75ZSoLLy_5k7XslGLplmzebtdZiO8,343,Pacino-,39,552295.3,226693.6
Down and Out,daheng----1993,1,555559,224763.1,ERANGEL,2U4GBNA0YmnPbefQNZwA5BwIZZGr1rbZ9ME75ZSoLLy_5k7XslGLplmzebtdZiO8,343,andilireba,39,553434.4,226067.3
UMP9,LiHaoYu5958,42,215916.4,278580.2,ERANGEL,2U4GBNA0YmnPbefQNZwA5BwIZZGr1rbZ9ME75ZSoLLy_5k7XslGLplmzebtdZiO8,238,jialin002,40,215064.6,278755.5
Grenade,jialiang002,40,216340.1,279226.6,ERANGEL,2U4GBNA0YmnPbefQNZwA5BwIZZGr1rbZ9ME75ZSoLLy_5k7XslGLplmzebtdZiO8,288,jialiang002,40,216340.1,279226.6
Down and Out,TCCCCCCCC,36,394472.7,283696.6,ERANGEL,2U4GBNA0Ymnu2puyqf_NtQlNu-P-GhW9oVdBiQ14E36G-AiBhSA2Xn0jiFh8E__R,233,Nooblit,40,395250,285579
M416,TCCCCCCCC,36,394927.7,287540.6,ERANGEL,2U4GBNA0Ymnu2puyqf_NtQlNu-P-GhW9oVdBiQ14E36G-AiBhSA2Xn0jiFh8E__R,233,WolfyJosh,40,395338,287284.6
M16A4,MrGolf_Z,25,336325.6,176597.6,ERANGEL,2U4GBNA0Ymnu2puyqf_NtQlNu-P-GhW9oVdBiQ14E36G-AiBhSA2Xn0jiFh8E__R,226,MikeJiang-666,41,337604.2,172693
Down and Out,teejagan123456,25,338146.2,172815.1,ERANGEL,2U4GBNA0Ymnu2puyqf_NtQlNu-P-GhW9oVdBiQ14E36G-AiBhSA2Xn0jiFh8E__R,226,MDHAHA,41,337993.5,172412.9
Micro UZI,lailaidalao,17,418503.6,324936.5,ERANGEL,2U4GBNA0YmnPbefQNZwA5BwIZZGr1rbZ9ME75ZSoLLy_5k7XslGLplmzebtdZiO8,259,kissmywife,41,418788.1,325564.6
S12K,Xin_Tiao__1124,17,423281.3,327470.4,ERANGEL,2U4GBNA0YmnPbefQNZwA5BwIZZGr1rbZ9ME75ZSoLLy_5k7XslGLplmzebtdZiO8,104,Marcysp,41,423132.9,327368.1
M416,jialiang002,40,216856.6,278732.2,ERANGEL,2U4GBNA0YmnPbefQNZwA5BwIZZGr1rbZ9ME75ZSoLLy_5k7XslGLplmzebtdZiO8,252,OYLY1992,42,215142.9,278775.6
Down and Out,jialiang002,40,217611.3,282422.9,ERANGEL,2U4GBNA0YmnPbefQNZwA5BwIZZGr1rbZ9ME75ZSoLLy_5k7XslGLplmzebtdZiO8,252,LiHaoYu5958,42,216349.4,279223.5
M16A4,x-WU008,1,449070.9,629286.9,ERANGEL,2U4GBNA0Ymnu2puyqf_NtQlNu-P-GhW9oVdBiQ14E36G-AiBhSA2Xn0jiFh8E__R,204,Ston3wallJackson,42,451430.3,629438.7
Down and Out,x-WU008,1,449070.4,629313.8,ERANGEL,2U4GBNA0Ymnu2puyqf_NtQlNu-P-GhW9oVdBiQ14E36G-AiBhSA2Xn0jiFh8E__R,204,V45h7he5t4mp3d3,42,451620.3,629435.1
S1897,General_Tso,27,416895.7,324762.1,ERANGEL,2U4GBNA0Ymnu2puyqf_NtQlNu-P-GhW9oVdBiQ14E36G-AiBhSA2Xn0jiFh8E__R,154,animetittyexpert,43,417138.8,325428.1
AKM,kissmywife,41,418497.9,324395.2,ERANGEL,2U4GBNA0YmnPbefQNZwA5BwIZZGr1rbZ9ME75ZSoLLy_5k7XslGLplmzebtdZiO8,203,F1ower_,43,419120.6,324242.9
AKM,kissmywife,41,422868.7,324278.6,ERANGEL,2U4GBNA0YmnPbefQNZwA5BwIZZGr1rbZ9ME75ZSoLLy_5k7XslGLplmzebtdZiO8,107,HxgCtng,43,420644.3,324567.1
AKM,ckinamerican,34,424157,327550.2,ERANGEL,2U4GBNA0Ymnu2puyqf_NtQlNu-P-GhW9oVdBiQ14E36G-AiBhSA2Xn0jiFh8E__R,170,animetiddyexpert,43,424023,327343.7
M416,Yaocheng-,1,316539.9,453732.6,ERANGEL,2U4GBNA0YmnPbefQNZwA5BwIZZGr1rbZ9ME75ZSoLLy_5k7XslGLplmzebtdZiO8,1039,LUNK_ONES,44,317274.4,453481.3
S1897,General_Tso,27,416665.6,325400.4,ERANGEL,2U4GBNA0Ymnu2puyqf_NtQlNu-P-GhW9oVdBiQ14E36G-AiBhSA2Xn0jiFh8E__R,166,IP79,44,417309.2,324270.5
Punch,DDWjialun963250,34,419561.1,326748.4,ERANGEL,2U4GBNA0Ymnu2puyqf_NtQlNu-P-GhW9oVdBiQ14E36G-AiBhSA2Xn0jiFh8E__R,117,57Street,44,419563.5,326661.5
UMP9,MCB88,8,569937.7,133840.2,ERANGEL,2U4GBNA0YmnPbefQNZwA5BwIZZGr1rbZ9ME75ZSoLLy_5k7XslGLplmzebtdZiO8,175,172235584,44,569282.9,133371.8
UMP9,MCB88,8,575649.4,133123,ERANGEL,2U4GBNA0YmnPbefQNZwA5BwIZZGr1rbZ9ME75ZSoLLy_5k7XslGLplmzebtdZiO8,117,The-eye,44,575713.6,132573
M16A4,MrGolf_Z,25,341123,173275.7,ERANGEL,2U4GBNA0Ymnu2puyqf_NtQlNu-P-GhW9oVdBiQ14E36G-AiBhSA2Xn0jiFh8E__R,162,I_DONT_KNOW98,45,342209.6,163728.5
S12K,DawnStrider371,16,390472.3,346451.3,ERANGEL,2U4GBNA0YmnPbefQNZwA5BwIZZGr1rbZ9ME75ZSoLLy_5k7XslGLplmzebtdZiO8,111,PASHAmyflendXD,45,390925.8,346395.4
S12K,DawnStrider371,16,394064.1,349205.7,ERANGEL,2U4GBNA0YmnPbefQNZwA5BwIZZGr1rbZ9ME75ZSoLLy_5k7XslGLplmzebtdZiO8,155,Lucky_258,45,394199.2,348815.3
P1911,General_Tso,27,418674.1,324606.2,ERANGEL,2U4GBNA0Ymnu2puyqf_NtQlNu-P-GhW9oVdBiQ14E36G-AiBhSA2Xn0jiFh8E__R,103,EXEMrGhost,45,418908.4,324658.4
R1895,wonenggou,7,389321.8,287755.2,ERANGEL,2U4GBNA0YmnPbefQNZwA5BwIZZGr1rbZ9ME75ZSoLLy_5k7XslGLplmzebtdZiO8,142,littlegril,46,388713.6,290159.8
S686,Wawabot,7,392145.3,286765.8,ERANGEL,2U4GBNA0YmnPbefQNZwA5BwIZZGr1rbZ9ME75ZSoLLy_5k7XslGLplmzebtdZiO8,124,zhuijizhe,46,392003.3,286999.7
Punch,DaddyMOP,48,413234.6,481748.1,ERANGEL,2U4GBNA0Ymnu2puyqf_NtQlNu-P-GhW9oVdBiQ14E36G-AiBhSA2Xn0jiFh8E__R,103,Horr,46,413301.1,481690.1
S1897,General_Tso,27,416626.9,325620.8,ERANGEL,2U4GBNA0Ymnu2puyqf_NtQlNu-P-GhW9oVdBiQ14E36G-AiBhSA2Xn0jiFh8E__R,160,misterquiche,46,416850.8,325144.2
Punch,SetYouMisery,38,417590.3,330214.6,ERANGEL,2U4GBNA0Ymnu2puyqf_NtQlNu-P-GhW9oVdBiQ14E36G-AiBhSA2Xn0jiFh8E__R,102,SheepSaysMoo,46,417645,330286.1
Falling,Riazl,19,295457.8,546047.3,ERANGEL,2U4GBNA0Ymnu2puyqf_NtQlNu-P-GhW9oVdBiQ14E36G-AiBhSA2Xn0jiFh8E__R,141,Kittoa,47,295221.2,546200.1
Falling,Riazl,19,297297.7,543896.7,ERANGEL,2U4GBNA0Ymnu2puyqf_NtQlNu-P-GhW9oVdBiQ14E36G-AiBhSA2Xn0jiFh8E__R,153,bijuuu,47,297152.7,543858.9
Tommy Gun,zhuijizhe,46,393323.4,287632.4,ERANGEL,2U4GBNA0YmnPbefQNZwA5BwIZZGr1rbZ9ME75ZSoLLy_5k7XslGLplmzebtdZiO8,110,dybcj,47,393118.5,286507.3
P92,ZeR0_ThE_HeR0,46,413263.6,481657.5,ERANGEL,2U4GBNA0Ymnu2puyqf_NtQlNu-P-GhW9oVdBiQ14E36G-AiBhSA2Xn0jiFh8E__R,126,DaddyMOP,48,413553.2,482173.4
Down and Out,ZeR0_ThE_HeR0,46,413833.9,481134.5,ERANGEL,2U4GBNA0Ymnu2puyqf_NtQlNu-P-GhW9oVdBiQ14E36G-AiBhSA2Xn0jiFh8E__R,126,SamKubota,48,414005,481315.6
P92,172235584,44,566188,135238.2,ERANGEL,2U4GBNA0YmnPbefQNZwA5BwIZZGr1rbZ9ME75ZSoLLy_5k7XslGLplmzebtdZiO8,86,CH3NL3I,48,566517.2,135206.8
Punch,ZsZsZsZsZsZZ,4,576398.4,119800.4,ERANGEL,2U4GBNA0YmnPbefQNZwA5BwIZZGr1rbZ9ME75ZSoLLy_5k7XslGLplmzebtdZiO8,70,TongLing666liu,48,576363.3,119717.8
M416,TCCCCCCCC,36,392662.1,277881.2,ERANGEL,2U4GBNA0Ymnu2puyqf_NtQlNu-P-GhW9oVdBiQ14E36G-AiBhSA2Xn0jiFh8E__R,122,Quilici,49,389007.9,279031.6
M416,TCCCCCCCC,36,393092.8,277905.9,ERANGEL,2U4GBNA0Ymnu2puyqf_NtQlNu-P-GhW9oVdBiQ14E36G-AiBhSA2Xn0jiFh8E__R,115,Hanjeii,49,391552.9,278262.5
M16A4,I_DONT_KNOW98,45,345499.8,161962.6,ERANGEL,2U4GBNA0Ymnu2puyqf_NtQlNu-P-GhW9oVdBiQ14E36G-AiBhSA2Xn0jiFh8E__R,114,Dead_Weapon,50,344948.8,161930.8
Down and Out,I_DONT_KNOW98,45,345200.5,162043.5,ERANGEL,2U4GBNA0Ymnu2puyqf_NtQlNu-P-GhW9oVdBiQ14E36G-AiBhSA2Xn0jiFh8E__R,114,Aiddiction,50,346038.8,161302.7
